hgvs_pro,referenceSet
p.Asp97Glu,Negative
p.Asp93His,Negative
p.Asp91Asn,Negative
p.Ile105Val,Negative
p.Val88Leu,Negative
p.Val98Met,Negative
p.Lys129Glu,Negative
p.Lys10Asn,Negative
p.Asp12Glu,Negative
p.Glu122Gly,Negative
p.Ile19Met,Negative
p.His121Arg,Negative
p.Gln23Arg,Negative
p.Phe51Leu,Negative
p.Ser69Tyr,Negative
p.Ser69Phe,Negative
p.His72Gln,Negative
p.Thr55Ile,Negative
p.Ala61Val,Negative
p.Ala61Thr,Negative
p.Ile100Thr,Negative
p.Arg144His,Negative
p.Arg144Gly,Negative
p.Gln16His,Negative
p.Phe46Leu,Negative
p.His111Asp,Negative
p.Lys31Arg,Negative
p.Gln154Arg,Negative
p.Glu25Gly,Negative
p.Lys92Glu,Negative
p.Val8Met,Negative
p.Arg144Cys,Negative
p.Asp12Tyr,Negative
p.Phe51Cys,Negative
p.Gly28Arg,Negative
p.Val15Ala,Negative
p.Thr55Arg,Negative
p.Ser103Thr,Negative
p.Val95Ala,Negative
p.Gly131Glu,Negative
p.Asp93Gly,Negative
p.Gly130Ser,Negative
p.Pro29Arg,Negative
p.Asn132Ser,Negative
p.Ile100Val,Negative
p.Gln16Arg,Negative
p.Gly73Cys,Negative
p.Thr136Ile,Negative
p.Ile105Thr,Negative
p.Lys92Asn,Negative
p.Ser103Phe,Negative
p.Asp97His,Negative
p.Ser135Arg,Negative
p.Thr138Ser,Negative
p.Lys137Gln,Negative
p.Glu134Asp,Negative
p.Ser143Asn,Negative
p.Thr89Ile,Negative
p.Asn140Asp,Negative
p.Gly131Arg,Negative
p.Gly11Ser,Negative
p.Thr3Met,Negative
p.Thr3Arg,Negative
p.Arg144Ser,Negative
p.Asp12Asn,Negative
p.Ala141Thr,Negative
p.Ala141Pro,Negative
p.Gly109Glu,Negative
p.Asp125Glu,Negative
p.Ala2Val,Negative
p.Ala124del,Negative
p.Gly128Ser,Negative
p.Gly13Ser,Negative
p.Pro14Ser,Negative
p.Asp12Gly,Negative
p.Gly13Asp,Negative
p.Lys10Gln,Negative
p.Glu41Lys,Negative
p.Gly17Val,Negative
p.Ile19del,Negative
p.Ile18Val,Negative
p.Ile18Thr,Negative
p.Gln16Glu,Negative
p.Phe46Val,Negative
p.His44Tyr,Negative
p.His47Pro,Negative
p.Ser35Thr,Negative
p.Ser35Gly,Negative
p.Ser35Ile,Negative
p.Lys24Gln,Negative
p.Gln23His,Negative
p.Asp110Glu,Negative
p.Cys112Ser,Negative
p.Val32Leu,Negative
p.Leu68Val,Negative
p.Lys31Met,Negative
p.Val32Gly,Negative
p.Gly73Ala,Negative
p.Gly74Glu,Negative
p.Ala153Val,Negative
p.Ala61Glu,Negative
p.Ser60Asn,Negative
p.Asp77Asn,Negative
p.Ser26Asn,Negative
p.Ala56Val,Negative
p.Gly115Asp,Negative
p.Cys58Ser,Negative
p.Leu145Phe,Positive
p.Gly42Ser,Positive
p.Ala5Thr,Positive
p.His47Arg,Positive
p.Gly38Arg,Positive
p.Gly42Asp,Positive
p.Ala90Thr,Positive
p.Gly94Asp,Positive
p.Leu107Val,Positive
p.His44Arg,Positive
p.Ile114Thr,Positive
p.Phe21Cys,Positive
p.Lys4Glu,Positive
p.Ala5Val,Positive
p.Leu85Phe,Positive
p.Asn87Ser,Positive
p.Ile113Thr,Positive
p.Leu118Val,Positive
p.Leu145Ser,Positive
p.Val149Gly,Positive
p.Ile150Thr,Positive
p.Gly17Ala,Positive
p.Glu101Lys,Positive
p.His81Arg,Positive
p.Cys112Tyr,Positive
p.Val120Leu,Positive